Sitemap URL,Link URL,Issue Type,Line in Sitemap,Discovered
https://azturfsuppliers.com/sitemap-0.xml,https://www.azturfsuppliers.com/queen-creek/,Redirect,—,18 May 2026 (00:27 UTC)
https://azturfsuppliers.com/sitemap-0.xml,https://www.azturfsuppliers.com/products/,Redirect,—,18 May 2026 (00:27 UTC)
https://azturfsuppliers.com/sitemap-0.xml,https://www.azturfsuppliers.com/phoenix/,Redirect,—,18 May 2026 (00:27 UTC)
https://azturfsuppliers.com/sitemap-0.xml,https://www.azturfsuppliers.com/spring-blend-87/,Redirect,—,18 May 2026 (00:27 UTC)
https://azturfsuppliers.com/sitemap-0.xml,https://www.azturfsuppliers.com/resources/,Redirect,—,18 May 2026 (00:27 UTC)
https://azturfsuppliers.com/sitemap-0.xml,https://www.azturfsuppliers.com/blog/,Redirect,—,18 May 2026 (00:27 UTC)
https://azturfsuppliers.com/sitemap-0.xml,https://www.azturfsuppliers.com/mesa/,Redirect,—,18 May 2026 (00:27 UTC)
https://azturfsuppliers.com/sitemap-0.xml,https://www.azturfsuppliers.com/reviews/,Redirect,—,18 May 2026 (00:27 UTC)
https://azturfsuppliers.com/sitemap-0.xml,https://www.azturfsuppliers.com/spring-blend-107/,Redirect,—,18 May 2026 (00:27 UTC)
https://azturfsuppliers.com/sitemap-0.xml,https://www.azturfsuppliers.com/natural-blend-84/,Redirect,—,18 May 2026 (00:27 UTC)
https://azturfsuppliers.com/sitemap-0.xml,https://www.azturfsuppliers.com/turf-calculator/,Redirect,—,18 May 2026 (00:27 UTC)
https://azturfsuppliers.com/sitemap-0.xml,https://www.azturfsuppliers.com/spring-blend/,Redirect,—,25 May 2026 (00:28 UTC)
https://azturfsuppliers.com/sitemap-0.xml,https://www.azturfsuppliers.com/warranty/,Redirect,—,18 May 2026 (00:27 UTC)
https://azturfsuppliers.com/sitemap-0.xml,https://www.azturfsuppliers.com/artificial-turf/,Redirect,—,18 May 2026 (00:27 UTC)
https://azturfsuppliers.com/sitemap-0.xml,https://www.azturfsuppliers.com/san-tan-valley/,Redirect,—,18 May 2026 (00:27 UTC)
https://azturfsuppliers.com/sitemap-0.xml,https://www.azturfsuppliers.com/landscape-lighting/,Redirect,—,18 May 2026 (00:27 UTC)
https://azturfsuppliers.com/sitemap-0.xml,https://www.azturfsuppliers.com/locations/,Redirect,—,18 May 2026 (00:27 UTC)
https://azturfsuppliers.com/sitemap-0.xml,https://www.azturfsuppliers.com/putting-green/,Redirect,—,18 May 2026 (00:27 UTC)
https://azturfsuppliers.com/sitemap-0.xml,https://www.azturfsuppliers.com/scottsdale/,Redirect,—,18 May 2026 (00:27 UTC)
https://azturfsuppliers.com/sitemap-0.xml,https://www.azturfsuppliers.com/winter-blend-103/,Redirect,—,18 May 2026 (00:27 UTC)
https://azturfsuppliers.com/sitemap-0.xml,https://www.azturfsuppliers.com/pavers/,Redirect,—,18 May 2026 (00:27 UTC)
https://azturfsuppliers.com/sitemap-0.xml,https://www.azturfsuppliers.com/apache-junction/,Redirect,—,18 May 2026 (00:27 UTC)
https://azturfsuppliers.com/sitemap-0.xml,https://www.azturfsuppliers.com/gallery/,Redirect,—,18 May 2026 (00:27 UTC)
https://azturfsuppliers.com/sitemap-0.xml,https://www.azturfsuppliers.com/winter-blend-84/,Redirect,—,18 May 2026 (00:27 UTC)
https://azturfsuppliers.com/sitemap-0.xml,https://www.azturfsuppliers.com/natural-stone/,Redirect,—,18 May 2026 (00:27 UTC)
https://azturfsuppliers.com/sitemap-0.xml,https://www.azturfsuppliers.com/chandler/,Redirect,—,18 May 2026 (00:27 UTC)
https://azturfsuppliers.com/sitemap-0.xml,https://www.azturfsuppliers.com/about/,Redirect,—,18 May 2026 (00:27 UTC)
https://azturfsuppliers.com/sitemap-0.xml,https://www.azturfsuppliers.com/natural-series/,Redirect,—,25 May 2026 (00:28 UTC)
https://azturfsuppliers.com/sitemap-0.xml,https://www.azturfsuppliers.com/contractors/,Redirect,—,18 May 2026 (00:27 UTC)
https://azturfsuppliers.com/sitemap-0.xml,https://www.azturfsuppliers.com/homeowners/,Redirect,—,18 May 2026 (00:27 UTC)
https://azturfsuppliers.com/sitemap-0.xml,https://www.azturfsuppliers.com/bermuda-blend/,Redirect,—,25 May 2026 (00:28 UTC)
https://azturfsuppliers.com/sitemap-0.xml,https://www.azturfsuppliers.com/contact/,Redirect,—,18 May 2026 (00:27 UTC)
https://azturfsuppliers.com/sitemap-0.xml,https://www.azturfsuppliers.com/bermuda-blend-93/,Redirect,—,18 May 2026 (00:27 UTC)
https://azturfsuppliers.com/sitemap-0.xml,https://www.azturfsuppliers.com/lead-free/,Redirect,—,18 May 2026 (00:27 UTC)
https://azturfsuppliers.com/sitemap-0.xml,https://www.azturfsuppliers.com/accessories/,Redirect,—,18 May 2026 (00:27 UTC)
https://azturfsuppliers.com/sitemap-0.xml,https://www.azturfsuppliers.com/natural-blend-75/,Redirect,—,18 May 2026 (00:27 UTC)
https://azturfsuppliers.com/sitemap-0.xml,https://www.azturfsuppliers.com/winter-series/,Redirect,—,25 May 2026 (00:28 UTC)
https://azturfsuppliers.com/sitemap-0.xml,https://www.azturfsuppliers.com/bermuda-blend-70/,Redirect,—,18 May 2026 (00:27 UTC)
https://azturfsuppliers.com/sitemap-0.xml,https://www.azturfsuppliers.com/blog/artificial-turf-installation-guide-arizona/,Redirect,—,18 May 2026 (00:27 UTC)
https://azturfsuppliers.com/sitemap-0.xml,https://www.azturfsuppliers.com/tempe/,Redirect,—,18 May 2026 (00:27 UTC)
https://azturfsuppliers.com/sitemap-0.xml,https://www.azturfsuppliers.com/,Redirect,—,01 Jun 2026 (00:48 UTC)
https://azturfsuppliers.com/sitemap-0.xml,https://www.azturfsuppliers.com/gilbert/,Redirect,—,18 May 2026 (00:27 UTC)
